Hot ,"“Ô, Sunlight! The most precious gold to be found on Earth.”  - Roman Payne"
Hot ,"Keep your face always toward the sunshine - and shadows will fall behind you."- Walt Whitman"
Hot ,"If you spend your whole life waiting for the storm, you'll never enjoy the sunshine.-Morris West"
Hot ,"“A man practices the art of adventure when he breaks the chain of routine and renews his life through reading new books, traveling to new places, making new friends, taking up new hobbies and adopting new viewpoints.” — Wilfred Peterson"
Hot ,"“Without new experiences, something inside of us sleeps. The sleeper must awaken.” – Frank Herbert"
Hot ,"“We live in a wonderful world that is full of beauty, charm and adventure. There is no end to the adventures we can have if only we seek them with our eyes open.” – Jawaharial Nehru"
Hot ,"A perfect summer day is when the sun is shining, the breeze is blowing, the birds are singing, and the lawn mower is broken." - James Dent
Hot ,"Be like the flower, turn your face to the sun." "- Kahlil Gibran"
Hot ,"Celebrate Summer - Sun drenched days and starlit nights…" - Gooseberry Patch
Hot ,"There is no such thing as bad weather, only different kinds of good weather. - John Ruskin"
Hot ,"Wherever you go, no matter what the weather, always bring your own sunshine. - Anthony J. D’Angelo"
Hot ,"Weather forecast for tonight: dark. - George Carlin"
Hot ,“Adopt the pace of nature: her secret is patience.” - Ralph Waldo Emerson"
Hot ,“Weather is always unrehearsed.” - Marty Rubin"
Hot ,"“A man practices the art of adventure when he breaks the chain of routine and renews his life through reading new books, traveling to new places, making new friends, taking up new hobbies and adopting new viewpoints.” — Wilfred Peterson"
Hot ,"“Without new experiences, something inside of us sleeps. The sleeper must awaken.” – Frank Herbert"
Hot ,"“We live in a wonderful world that is full of beauty, charm and adventure. There is no end to the adventures we can have if only we seek them with our eyes open.” – Jawaharial Nehru"
Hot ,"A perfect summer day is when the sun is shining, the breeze is blowing, the birds are singing, and the lawn mower is broken.- James Dent"
Hot ,"If you spend your whole life waiting for the storm, you'll never enjoy the sunshine.-Morris West"
